id,pdb,Hchain,Lchain,antigen_chain,organism,antibody_name,species,Light_ctype,antigen_type,antigen_name,short_header,date,compound,antigen_species,authors,resolution,method,r_free,r_factor,scfv,engineered,heavy_subclass,light_subclass,light_ctype,affinity,delta_g,affinity_method,temperature,pmid
1,1a14,H,L,N,H11N9,NC10,mus musculus,Kappa,protein,neuraminidase,COMPLEX (ANTIBODY/ANTIGEN),2012/21/97,COMPLEX BETWEEN NC10 ANTI-INFLUENZA VIRUS NEURAMINIDASE SINGLE CHAIN ANTIBODY WITH A 5 RESIDUE LINKER AND INFLUENZA VIRUS NEURAMINIDASE,influenza a virus,"Malby, R.L., Mccoy, A.J., Kortt, A.A., Hudson, P.J., Colman, P.M.",2.5,X-RAY DIFFRACTION,0.27,0.2,FALSE,TRUE,IGHV1,IGKV10,Kappa,None,None,None,None,None
2,1nca,H,L,N,H11N9,NC41,mus musculus,Kappa,protein,influenza a subtype n9 neuraminidase,HYDROLASE(O-GLYCOSYL),2001/21/92,REFINED CRYSTAL STRUCTURE OF THE INFLUENZA VIRUS N9 NEURAMINIDASE-NC41 FAB COMPLEX,influenza a virus,"Tulip, W.R., Varghese, J.N., Colman, P.M.",2.5,X-RAY DIFFRACTION,unknown,0.191,FALSE,FALSE,IGHV9,IGKV6,Kappa,8.30E-09,-11.02,Other,25,9692956
3,1ncb,H,L,N,H11N9,NC41,mus musculus,Kappa,protein,influenza a subtype n9 neuraminidase,HYDROLASE(O-GLYCOSYL),2001/21/92,CRYSTAL STRUCTURES OF TWO MUTANT NEURAMINIDASE-ANTIBODY COMPLEXES WITH AMINO ACID SUBSTITUTIONS IN THE INTERFACE,influenza a virus,"Tulip, W.R., Varghese, J.N., Colman, P.M.",2.5,X-RAY DIFFRACTION,unknown,0.165,FALSE,FALSE,IGHV9,IGKV6,Kappa,None,None,None,None,None
4,1ncc,H,L,N,H11N9,NC41,mus musculus,Kappa,protein,influenza a subtype n9 neuraminidase,HYDROLASE(O-GLYCOSYL),2001/21/92,CRYSTAL STRUCTURES OF TWO MUTANT NEURAMINIDASE-ANTIBODY COMPLEXES WITH AMINO ACID SUBSTITUTIONS IN THE INTERFACE,influenza a virus,"Tulip, W.R., Varghese, J.N., Colman, P.M.",2.5,X-RAY DIFFRACTION,unknown,0.212,FALSE,FALSE,IGHV9,IGKV6,Kappa,None,None,None,None,None
5,1ncd,H,L,N,H13N9,NC41,mus musculus,Kappa,protein,influenza a subtype n9 neuraminidase,HYDROLASE(O-GLYCOSYL),2001/21/92,REFINED CRYSTAL STRUCTURE OF THE INFLUENZA VIRUS N9 NEURAMINIDASE-NC41 FAB COMPLEX,influenza a virus,"Tulip, W.R., Varghese, J.N., Colman, P.M.",2.9,X-RAY DIFFRACTION,unknown,0.157,FALSE,FALSE,IGHV9,IGKV6,Kappa,None,None,None,None,None
6,1nma,H,L,N,H13N9,NC10,mus musculus,Kappa,protein,n9 neuraminidase,COMPLEX (HYDROLASE/IMMUNOGLOBULIN),2005/06/94,N9 NEURAMINIDASE COMPLEXES WITH ANTIBODIES NC41 AND NC10: EMPIRICAL FREE-ENERGY CALCULATIONS CAPTURE SPECIFICITY TRENDS OBSERVED WITH MUTANT BINDING DATA,influenza a virus,"Tulip, W.R., Varghese, J.N., Colman, P.M.",3,X-RAY DIFFRACTION,unknown,0.2,FALSE,FALSE,IGHV1,IGKV10,Kappa,1.40E-08,-10.8,Other,,7517697
7,1nmb,H,L,N,H13N9,NC10,mus musculus,Kappa,protein,n9 neuraminidase,COMPLEX (HYDROLASE/IMMUNOGLOBULIN),2001/17/95,THE STRUCTURE OF A COMPLEX BETWEEN THE NC10 ANTIBODY AND INFLUENZA VIRUS NEURAMINIDASE AND COMPARISON WITH THE OVERLAPPING BINDING SITE OF THE NC41 ANTIBODY,influenza a virus,"Malby, R.L., Tulip, W.R., Colman, P.M.",2.2,X-RAY DIFFRACTION,unknown,0.21,FALSE,FALSE,IGHV1,IGKV10,Kappa,None,None,None,None,None
8,1nmc,H,L,N,H11N9,NC10,mus musculus,Kappa,protein,neuraminidase,COMPLEX (SINGLE-CHAIN ANTIBODY/ANTIGEN),2012/21/97,COMPLEX BETWEEN NC10 ANTI-INFLUENZA VIRUS NEURAMINIDASE SINGLE CHAIN ANTIBODY WITH A 15 RESIDUE LINKER AND INFLUENZA VIRUS NEURAMINIDASE,influenza a virus,"Malby, R.L., Mccoy, A.J., Kortt, A.A., Hudson, P.J., Colman, P.M.",2.5,X-RAY DIFFRACTION,0.26,0.22,FALSE,TRUE,IGHV1,IGKV10,Kappa,None,None,None,None,None
9,2aep,H,L,A,H3N2,Mem5,mus musculus,Kappa,protein,neuraminidase,IMMUNE SYSTEM,2007/23/05,An epidemiologically significant epitope of a 1998 influenza virus neuraminidase forms a highly hydrated interface in the NA-antibody complex.,influenza a virus,"Venkatramani, L., Bochkareva, E., Lee, J.T., Gulati, U., Laver, W.G., Bochkarev, A., Air, G.M.",2.1,X-RAY DIFFRACTION,0.224,0.188,FALSE,FALSE,IGHV7,IGKV6,Kappa,1.20E-08,-10.8,Other,,16384583
10,2aeq,H,L,A,H3N2,Mem5,mus musculus,Kappa,protein,neuraminidase,HYDROLASE/IMMUNE SYSTEM,2007/23/05,An epidemiologically significant epitope of a 1998 influenza virus neuraminidase forms a highly hydrated interface in the NA-antibody complex.,influenza a virus,"Venkatramani, L., Bochkarev, A., Air, G.M.",3,X-RAY DIFFRACTION,0.312,0.267,FALSE,FALSE,IGHV7,IGKV6,Kappa,1.20E-08,-10.8,Other,,16384583
11,4qnp,H,L,B,H1N1,CD6,mus musculus,Kappa,protein,neuraminidase,HYDROLASE/IMMUNE SYSTEM,2006/18/14,Crystal structure of the 2009 pandemic H1N1 influenza virus neuraminidase with a neutralizing antibody,influenza a virus,"Wan, H.Q., Yang, H., Shore, D.A., Garten, R.J., Couzens, L., Gao, J., Jiang, L.L., Carney, P.J., Villanueva, J., Stevens, J., Eichelberger, M.C.",2.8,X-RAY DIFFRACTION,0.224,0.181,FALSE,TRUE,IGHV10,IGKV4,Kappa,None,None,None,None,None
12,6lxi,H,L,A,H1N1,Z2B3,homo sapiens,Lambda,protein,neuraminidase,HYDROLASE/IMMUNE SYSTEM,2002/11/20,Crystal structure of Z2B3 Fab in complex with influenza virus neuraminidase from A/Brevig Mission/1/1918 (H1N1),influenza a virus (strain a/brevigmission/1/1918 h1n1) ,"Jiang, H., Peng, W., Qi, J., Chai, Y., Song, H., Shi, Y., Gao, G.F., Wu, Y.",2.5,X-RAY DIFFRACTION,0.212,0.183,FALSE,TRUE,IGHV1,IGLV2,Lambda,None,None,None,None,None
13,6lxj,H,L,A,H7N9,Z2B3,homo sapiens,Lambda,protein,neuraminidase,HYDROLASE/IMMUNE SYSTEM,2002/11/20,Crystal structure of human Z2B3 Fab in complex with influenza virus neuraminidase from A/Anhui/1/2013 (H7N9),influenza a virus (a/anhui/1-balf_rg44/2013(h7n9)) ,"Jiang, H., Peng, W., Qi, J., Chai, Y., Song, H., Shi, Y., Gao, G.F., Wu, Y.",2.903,X-RAY DIFFRACTION,0.241,0.193,FALSE,TRUE,IGHV1,IGLV2,Lambda,None,None,None,None,None
14,6lxk,H,L,A,H1N1,Z2B3,homo sapiens,Lambda,protein,neuraminidase,HYDROLASE/IMMUNE SYSTEM,2002/11/20,Crystal structure of Z2B3 D102R Fab in complex with influenza virus neuraminidase from A/Serbia/NS-601/2014 (H1N1),influenza a virus,"Jiang, H., Peng, W., Qi, J., Chai, Y., Song, H., Shi, Y., Gao, G.F., Wu, Y.",3.608,X-RAY DIFFRACTION,0.249,0.215,FALSE,TRUE,IGHV1,IGLV2,Lambda,None,None,None,None,None
15,6n6b,K,L,A,H3N2, B10,mus musculus,Kappa,protein,neuraminidase,VIRAL PROTEIN/Immune System,2011/26/18,The complex crystal structure of neuraminidase from A/Minnesota/11/2010 with B10 antibody.,influenza a virus (a/minnesota/11/2010(h3n2)),"Yang, H., Stevens, J.",2.3,X-RAY DIFFRACTION,0.245,0.22,FALSE,TRUE,IGHV3,IGKV6,Kappa,None,None,None,None,None
16,6pze,H,L,A,H7N9,NA-45,homo sapiens,Lambda,protein,neuraminidase,IMMUNE SYSTEM,2007/31/19,Crystal structure of human NA-45 Fab in complex with neuraminidase Y169aH mutant from A/Shanghai/2/2013 (H7N9),influenza a virus (a/shanghai/02/2013(h7n9)),"Zhu, X., Wilson, I.A.",2.3,X-RAY DIFFRACTION,0.197,0.156,FALSE,TRUE,IGHV4,IGLV1,Lambda,None,None,None,None,None
17,6pzf,H,L,A,H7N9,NA-63,homo sapiens,Kappa,protein,neuraminidase,IMMUNE SYSTEM,2007/31/19,Crystal structure of human NA-63 Fab in complex with neuraminidase from A/Hunan/02650/2016(H7N9),influenza a virus (a/hunan/02650/2016(h7n9),"Zhu, X., Wilson, I.A.",2.8,X-RAY DIFFRACTION,0.249,0.203,FALSE,TRUE,IGHV3,IGKV1,Kappa,None,None,None,None,None
18,6pzw,H,L,A,H7N9,NA-22,homo sapiens,Lambda,protein,neuraminidase,VIRAL PROTEIN/IMMUNE SYSTEM,2008/1/19,CryoEM derived model of NA-22 Fab in complex with N9 Shanghai2,influenza a virus(a/environment/shanghai/s1439/2013(h7n9)) ,"Ward, A.B., Turner, H.L., Zhu, X.",3,ELECTRON MICROSCOPY,,,FALSE,TRUE,IGHV3,IGLV2,Lambda,None,None,None,None,None
19,6pzy,H,K,E,H7N9,NA-73,homo sapiens,Lambda,protein,neuraminidase,VIRAL PROTEIN/IMMUNE SYSTEM,2008/1/19,CryoEM derived model of NA-73 Fab in complex with N9 Shanghai2,influenza a virus(a/environment/shanghai/s1439/2013(h7n9)) ,"Ward, A.B., Turner, H.L., Zhu, X.",3.17,ELECTRON MICROSCOPY,,,FALSE,TRUE,IGHV4,IGLV1,Lambda,None,None,None,None,None
20,6pzz,H,L,A,H7N9,NA-80,homo sapiens,Kappa,protein,neuraminidase,VIRAL PROTEIN/IMMUNE SYSTEM,2008/1/19,CryoEM derived model of NA-80 Fab in complex with N9 Shanghai2,influenza a virus(a/environment/shanghai/s1439/2013(h7n9)) ,"Ward, A.B., Turner, H.L., Zhu, X.",3.6,ELECTRON MICROSCOPY,,,FALSE,TRUE,IGHV1,IGKV1,Kappa,None,None,None,None,None
21,6q1z,H,L,A,H7N9,1G04,homo sapiens,Kappa,protein,neuraminidase,"VIRAL PROTEIN,HYDROLASE/IMMUNE SYSTEM",2008/6/19,Crystal structure of human 1G04 Fab in complex with influenza virus neuraminidase from A/Hunan/02650/2016 (H7N9),influenza a virus,"Zhu, X., Wilson, I.A.",3.446,X-RAY DIFFRACTION,0.247,0.197,FALSE,TRUE,IGHV3,IGKV1,Kappa,None,None,None,None,None
22,6q20,H,L,A,H2N2,1E01,homo sapiens,Kappa,protein,neuraminidase,"VIRAL PROTEIN,HYDROLASE/IMMUNE SYSTEM",2008/6/19,Crystal structure of human 1E01 Fab in complex with influenza virus neuraminidase from A/Japan/305/1957 (H2N2),influenza a virus (strain a/japan/305/1957h2n2) ,"Zhu, X., Wilson, I.A.",2.45,X-RAY DIFFRACTION,0.272,0.217,FALSE,TRUE,IGHV3,IGKV1,Kappa,None,None,None,None,None
23,6q23,H,L,A,H1N1,1G01,homo sapiens,Kappa,protein,neuraminidase,"VIRAL PROTEIN,HYDROLASE/IMMUNE SYSTEM",2008/6/19,Crystal structure of human 1G01 Fab in complex with influenza virus neuraminidase from A/California/04/2009 (H1N1),influenza a virus (a/california/04/2009 (h1n1),"Zhu, X., Wilson, I.A.",3.27,X-RAY DIFFRACTION,0.241,0.196,FALSE,TRUE,IGHV3,IGKV1,Kappa,None,None,None,None,None
24,6u02,H,L,A,H7N9,NA-63,homo sapiens,Kappa,protein,neuraminidase,VIRAL PROTEIN/IMMUNE SYSTEM,2008/13/19,CryoEM-derived model of NA-63 Fab in complex with N9 Shanghai2,influenza a virus(a/environment/shanghai/s1439/2013(h7n9)) ,"Ward, A.B., Turner, H.L., Zhu, X.",3.05,ELECTRON MICROSCOPY,,,FALSE,TRUE,IGHV3,IGKV1,Kappa,None,None,None,None,None
25,8e6j,H,L,A,H1N1,3H03,homo sapiens,Kappa,protein,neuraminidase,VIRAL PROTEIN,2008/9/23,3H03 Fab in complex with influenza virus neuraminidase from A/Brevig Mission/1/1918 (H1N1),influenza a virus (a/brevigmission/1/1918(h1n1)) ,"Turner, H.L., Ozorowski, G., Ward, A.B.",2.7,ELECTRON MICROSCOPY,NA,NA,FALSE,TRUE,IGHV4,IGKV1,Kappa,None,None,None,None,None
26,8e6k,H,L,A,H1N1,2H08,homo sapiens,Kappa,protein,neuraminidase,VIRAL PROTEIN,2008/9/23,2H08 Fab in complex with influenza virus neuraminidase from A/Brevig Mission/1/1918 (H1N1),influenza a virus (a/brevigmission/1/1918(h1n1)) ,"Turner, H.L., Ozorowski, G., Ward, A.B.",3.1,ELECTRON MICROSCOPY,NA,NA,FALSE,TRUE,IGHV4,IGKV1,Kappa,None,None,None,None,None
27,8ez3,H,L,A,H3N2,3A10,homo sapiens,Lambda,protein,neuraminidase,Hydrolase/Immune System,2011/8/23,Structure of 3A10 Fab in complex with A/Moscow/10/1999 (H3N2) influenza virus neuraminidase,influenza a virus (a/moscow/10/1999(h3n2)),"Mou, Z., Lei, R., Wu, N.C., Dai, X.",2.5,ELECTRON MICROSCOPY,NA,NA,FALSE,TRUE,IGHV4,IGLV1,Lambda,None,None,None,None,None
28,8ez7,H,L,A,H3N2,1F04,homo sapiens,Kappa,protein,neuraminidase,Hydrolase/Immune System,2011/8/23,Structure of 1F04 Fab in complex with A/Moscow/10/1999 (H3N2) influenza virus neuraminidase,influenza a virus (a/moscow/10/1999(h3n2)),"Mou, Z., Lei, R., Wu, N.C., Dai, X.",2.6,ELECTRON MICROSCOPY,NA,NA,FALSE,TRUE,IGHV3,IGKV3,Kappa,None,None,None,None,None
29,8ez8,H,L,A,H3N2,3C08,homo sapiens,Lambda,protein,neuraminidase,Hydrolase/Immune System,2011/8/23,Structure of 3C08 Fab in complex with A/Moscow/10/1999 (H3N2) influenza virus neuraminidase,influenza a virus (a/moscow/10/1999(h3n2)),"Mou, Z., Lei, R., Wu, N.C., Dai, X.",2.78,ELECTRON MICROSCOPY,NA,NA,FALSE,TRUE,IGHV4,IGLV1,Lambda,None,None,None,None,None
30,8g30,H,L,O,H3N2,FNI19,homo sapiens,Kappa,protein,neuraminidase,VIRAL PROTEIN/IMMUNE SYSTEM,2005/31/23,N2 neuraminidase of A/Tanzania/205/2010 H3N2 in complex with 4 FNI19 Fab molecules,influenza a virus,"Dang, H.V., Snell, G.",3.1,ELECTRON MICROSCOPY,NA,NA,FALSE,TRUE,IGHV1,IGKV3,Kappa,None,None,None,None,None
31,8g3m,E,F,G,H3N2,FNI9,homo sapiens,Kappa,protein,neuraminidase,VIRAL PROTEIN/IMMUNE SYSTEM,2005/31/23,N2 neuraminidase of A/Tanzania/205/2010 H3N2 in complex with 3 FNI9 Fab molecules,influenza a virus,"Dang, H.V., Snell, G.",3,ELECTRON MICROSCOPY,NA,NA,FALSE,TRUE,IGHV1,IGKV3,Kappa,None,None,None,None,None
32,8g3n,E,F,G,H3N2,FNI9,homo sapiens,Kappa,protein,neuraminidase,VIRAL PROTEIN/IMMUNE SYSTEM,2005/31/23,N2 neuraminidase of A/Tanzania/205/2010 H3N2 in complex with 4 FNI9 Fab molecules,influenza a virus,"Dang, H., Snell, G.",2.9,ELECTRON MICROSCOPY,NA,NA,FALSE,TRUE,IGHV1,IGKV3,Kappa,None,None,None,None,None
33,8g3o,E,F,H,H3N2,FNI9,homo sapiens,Kappa,protein,neuraminidase,VIRAL PROTEIN/IMMUNE SYSTEM,2005/31/23,N2 neuraminidase of A/Hong_Kong/2671/2019 in complex with 3 FNI9 Fab molecules,influenza a virus,"Dang, H.V., Snell, G.",3.1,ELECTRON MICROSCOPY,NA,NA,FALSE,TRUE,IGHV1,IGKV3,Kappa,None,None,None,None,None
34,8g3p,H,L,E,H3N2,FNI9,homo sapiens,Kappa,protein,neuraminidase,VIRAL PROTEIN/IMMUNE SYSTEM,2005/31/23,N2 neuraminidase of A/Hong_Kong/2671/2019 in complex with 4 FNI9 Fab molecules,influenza a virus,"Dang, H.V., Snell, G.",2.5,ELECTRON MICROSCOPY,NA,NA,FALSE,TRUE,IGHV1,IGKV3,Kappa,None,None,None,None,None
35,8g3q,A,L,F,H3N2,FNI17,homo sapiens,Kappa,protein,neuraminidase,VIRAL PROTEIN/IMMUNE SYSTEM,2005/31/23,N2 neuraminidase of A/Tanzania/205/2010 H3N2 in complex with 3 FNI17 Fab molecules,influenza a virus,"Dang, H.V., Snell, G.",2.3,ELECTRON MICROSCOPY,NA,NA,FALSE,TRUE,IGHV1,IGKV3,Kappa,None,None,None,None,None
36,8g3r,C,B,G,H3N2,FNI17,homo sapiens,Kappa,protein,neuraminidase,VIRAL PROTEIN/IMMUNE SYSTEM,2005/31/23,N2 neuraminidase of A/Tanzania/205/2010 H3N2 with S245N S247T mutations in complex with one FNI17 Fab molecule,influenza a virus,"Dang, H.V., Snell, G.",2.3,ELECTRON MICROSCOPY,NA,NA,FALSE,TRUE,IGHV1,IGKV3,Kappa,None,None,None,None,None
37,8g3v,A,L,G,H3N2,FNI19,homo sapiens,Kappa,protein,neuraminidase,VIRAL PROTEIN/IMMUNE SYSTEM,2005/31/23,N2 neuraminidase of A/Hong_Kong/2671/2019 in complex with 4 FNI19 Fab molecules,influenza a virus,"Dang, H.V., Snell, G.",2.2,ELECTRON MICROSCOPY,NA,NA,FALSE,TRUE,IGHV1,IGKV3,Kappa,None,None,None,None,None
